post type	crosspost id	timestamp	account	source subreddit	source subreddit subscriber count	source subreddit number online	original post url	original post title	original post score	original post upvoted ratio	original post comment count	target subreddit	target subreddit subscriber count	target subreddit number online	crosspost url	crosspost title
cr	h8jlo0	2020.06.13.20:38:36	FrequentEvent9	cursedcomments	1775304	5295	https://www.reddit.com/r/cursedcomments/comments/h8g1o4/cursed_harrynutsack/	Cursed_HarryNutsack	32050	0.96	240	test	7877	217	https://www.reddit.com/r/test/comments/h8jlo0/cursed_harrynutsack/	Cursed_HarryNutsack
cr	h8jlnl	2020.06.13.20:38:35	FrequentEvent9	modernwarfare	810384	7021	https://www.reddit.com/r/modernwarfare/comments/h8awvi/rest_in_pea/	Rest in pea-	20342	0.98	344	test	7877	217	https://www.reddit.com/r/test/comments/h8jlnl/rest_in_pea/	Rest in pea-
cr	h8jlmb	2020.06.13.20:38:32	FrequentEvent9	news	20958370	68062	https://www.reddit.com/r/news/comments/h8clp5/fox_news_publishes_digitally_altered_and/	Fox News publishes digitally altered and misleading images of Seattle demonstrations	121570	0.85	5484	test	7877	217	https://www.reddit.com/r/test/comments/h8jlmb/fox_news_publishes_digitally_altered_and/	Fox News publishes digitally altered and misleading images of Seattle demonstrations
cr	h8jlkf	2020.06.13.20:38:28	FrequentEvent9	FACEITcom	25219	100	https://www.reddit.com/r/FACEITcom/comments/h8jlhz/good_ol_free_faceit/	Good Ol Free Faceit.	12	1.0	4	test	7877	217	https://www.reddit.com/r/test/comments/h8jlkf/good_ol_free_faceit/	Good Ol Free Faceit.
cr	h8jlk1	2020.06.13.20:38:27	FrequentEvent9	HumansBeingBros	1886038	9686	https://www.reddit.com/r/HumansBeingBros/comments/h82lcs/16_year_old_boy_murdered_in_mexico_his_teammates/	16 year old boy murdered in Mexico. His teammates took him to where they used to play football. And let him score, one last time.	28514	0.96	451	test	7877	217	https://www.reddit.com/r/test/comments/h8jlk1/16_year_old_boy_murdered_in_mexico_his_teammates/	16 year old boy murdered in Mexico. His teammates took him to where they used to play football. And let him score, one last time.
cr	h8jliv	2020.06.13.20:38:24	FrequentEvent9	tifu	15794213	26498	https://www.reddit.com/r/tifu/comments/h8jlh4/tifu_by_trying_to_play_a_prank_and_ending_up/	TIFU by trying to play a prank, and ending up being almost banned from my childminder for ‚Äúperving‚Äù	9	0.91	2	test	7877	217	https://www.reddit.com/r/test/comments/h8jliv/tifu_by_trying_to_play_a_prank_and_ending_up/	TIFU by trying to play a prank, and ending up being almost banned from my childminder for ‚Äúperving‚Äù
cr	h8jlin	2020.06.13.20:38:23	FrequentEvent9	civilengineering	43655	114	https://www.reddit.com/r/civilengineering/comments/h8jlec/what_is_this_thing/	What is this thing?	0	0.5	9	test	7877	217	https://www.reddit.com/r/test/comments/h8jlin/what_is_this_thing/	What is this thing?
cr	h8jlib	2020.06.13.20:38:23	FrequentEvent9	HumansBeingBros	1886039	9686	https://www.reddit.com/r/HumansBeingBros/comments/h82lcs/16_year_old_boy_murdered_in_mexico_his_teammates/	16 year old boy murdered in Mexico. His teammates took him to where they used to play football. And let him score, one last time.	28515	0.96	451	test	7877	217	https://www.reddit.com/r/test/comments/h8jlib/16_year_old_boy_murdered_in_mexico_his_teammates/	16 year old boy murdered in Mexico. His teammates took him to where they used to play football. And let him score, one last time.
cr	h8jlgo	2020.06.13.20:38:19	FrequentEvent9	lotrmemes	644145	2128	https://www.reddit.com/r/lotrmemes/comments/h8au7t/is_there_any_significance_behind_the_number_9_in/	Is there any significance behind the number 9 in lotr?	25320	0.96	504	test	7877	217	https://www.reddit.com/r/test/comments/h8jlgo/is_there_any_significance_behind_the_number_9_in/	Is there any significance behind the number 9 in lotr?
cr	h8jlfv	2020.06.13.20:38:16	FrequentEvent9	HumansBeingBros	1886039	9686	https://www.reddit.com/r/HumansBeingBros/comments/h8gdil/dragonfly_stuck_in_trampoline_net/	Dragonfly stuck in trampoline net	51289	0.94	1219	test	7877	217	https://www.reddit.com/r/test/comments/h8jlfv/dragonfly_stuck_in_trampoline_net/	Dragonfly stuck in trampoline net
cr	h8jlf2	2020.06.13.20:38:14	FrequentEvent9	curlyhair	390583	1470	https://www.reddit.com/r/curlyhair/comments/h8abbf/undefined_frizz_vs_defined_curls/	Undefined frizz VS Defined curls	7640	0.97	148	test	7877	217	https://www.reddit.com/r/test/comments/h8jlf2/undefined_frizz_vs_defined_curls/	Undefined frizz VS Defined curls
cr	h8jleb	2020.06.13.20:38:12	FrequentEvent9	twitchstreams	18046	100	https://www.reddit.com/r/twitchstreams/comments/h8jlbh/warzone_stream_comin_atcha/	Warzone stream comin‚Äô atcha	1	1.0	0	test	7877	217	https://www.reddit.com/r/test/comments/h8jleb/warzone_stream_comin_atcha/	Warzone stream comin‚Äô atcha
cr	h8jle4	2020.06.13.20:38:12	FrequentEvent9	AskReddit	28377988	124706	https://www.reddit.com/r/AskReddit/comments/h8jlax/what_books_movies_tv_shows_mythologies_or_video/	What books, movies, TV shows, mythologies or video games have the best types of vampires, in your opinion?	5	1.0	6	test	7877	217	https://www.reddit.com/r/test/comments/h8jle4/what_books_movies_tv_shows_mythologies_or_video/	What books, movies, TV shows, mythologies or video games have the best types of vampires, in your opinion?
cr	h8jldr	2020.06.13.20:38:11	FrequentEvent9	BikiniBottomTwitter	3276469	6337	https://www.reddit.com/r/BikiniBottomTwitter/comments/h8fbp6/true_tho/	True thoüòÇ	34954	0.95	190	test	7877	217	https://www.reddit.com/r/test/comments/h8jldr/true_tho/	True thoüòÇ
cr	h8jld8	2020.06.13.20:38:09	FrequentEvent9	SelfAwarewolves	300309	969	https://www.reddit.com/r/SelfAwarewolves/comments/h8jl5c/someone_posted_this_meme_on_facebook_to_defend/	Someone posted this meme on Facebook to defend confederate statues and OH MY FUCKING GOD WHAT THE FUCK	28	0.93	9	test	7877	217	https://www.reddit.com/r/test/comments/h8jld8/someone_posted_this_meme_on_facebook_to_defend/	Someone posted this meme on Facebook to defend confederate statues and OH MY FUCKING GOD WHAT THE FUCK
cr	h8jlcx	2020.06.13.20:38:09	FrequentEvent9	teenagers	1978814	10541	https://www.reddit.com/r/teenagers/comments/h8jl92/i_need_a_song_to_play_in_a_zoom_with_my_cousins/	I need a song to play in a zoom with my cousins	6	0.87	11	test	7877	217	https://www.reddit.com/r/test/comments/h8jlcx/i_need_a_song_to_play_in_a_zoom_with_my_cousins/	I need a song to play in a zoom with my cousins
cr	h8jlcq	2020.06.13.20:38:08	FrequentEvent9	shittymoviedetails	487382	580	https://www.reddit.com/r/shittymoviedetails/comments/h88vpa/if_you_look_closely_youll_notice_the_shark_in/	If you look closely, you'll notice the shark in Jaws is actually fake. This is because the movie was propaganda for a smear campaign against sharks that has been ongoing for years.	20912	0.94	229	test	7877	217	https://www.reddit.com/r/test/comments/h8jlcq/if_you_look_closely_youll_notice_the_shark_in/	If you look closely, you'll notice the shark in Jaws is actually fake. This is because the movie was propaganda for a smear campaign against sharks that has been ongoing for years.
cr	h8jlc3	2020.06.13.20:38:06	FrequentEvent9	Lovestruck	1296	27	https://www.reddit.com/r/Lovestruck/comments/h8jl9t/other_fairy_tale_books_shown_in_loading_screen/	Other Fairy Tale Books Shown In Loading Screen	22	1.0	7	test	7877	217	https://www.reddit.com/r/test/comments/h8jlc3/other_fairy_tale_books_shown_in_loading_screen/	Other Fairy Tale Books Shown In Loading Screen
cr	h8jjbl	2020.06.13.20:34:39	FrequentEvent9	DaysGone	37894	323	https://www.reddit.com/r/DaysGone/comments/h8jj8o/what_the_hell_happened_to_the_rest_of_the_world/	What the hell happened to the rest of the world in days gone?	2	1.0	4	test	7877	217	https://www.reddit.com/r/test/comments/h8jjbl/what_the_hell_happened_to_the_rest_of_the_world/	What the hell happened to the rest of the world in days gone?
cr	h8eqkz	2020.06.13.16:08:05	FrequentEvent9	futurama	649058	473	https://www.reddit.com/r/futurama/comments/h87z1f/still_warm/	Still warm...	6033	0.98	58	test	7877	217	https://www.reddit.com/r/test/comments/h8eqkz/still_warm/	Still warm...
cr	h8eqkc	2020.06.13.16:08:04	FrequentEvent9	blursedimages	1530914	6450	https://www.reddit.com/r/blursedimages/comments/h87vi6/blursed_strong_coffee/	blursed_strong_coffee	64082	0.94	326	test	7877	217	https://www.reddit.com/r/test/comments/h8eqkc/blursed_strong_coffee/	blursed_strong_coffee
cr	h8eqji	2020.06.13.16:08:02	FrequentEvent9	u_Waste77Body7	0	50	https://www.reddit.com/r/u_Waste77Body7/comments/h8eqb2/download_link_megafileboxcomfragtime_2019/	DOWNLOAD LINK: megafilebox.com/Fragtime 2019 JAPANESE 1080p BluRay x265	1	1.0	1	test	7877	219	https://www.reddit.com/r/test/comments/h8eqji/download_link_megafileboxcomfragtime_2019/	DOWNLOAD LINK: megafilebox.com/Fragtime 2019 JAPANESE 1080p BluRay x265
cr	h8eqj8	2020.06.13.16:08:01	FrequentEvent9	u_progio_gam3r	0	4	https://www.reddit.com/r/u_progio_gam3r/comments/h8eqee/quando_io_cerco_di_essere_goku/	Quando io cerco di essere Goku	0	0.5	0	test	7877	219	https://www.reddit.com/r/test/comments/h8eqj8/quando_io_cerco_di_essere_goku/	Quando io cerco di essere Goku
cr	h8eqiy	2020.06.13.16:08:01	FrequentEvent9	trippinthroughtime	3284811	2229	https://www.reddit.com/r/trippinthroughtime/comments/h88uv2/a_n_g_e_r_b_o_r_k/	A N G E R B O R K	19327	0.97	132	test	7877	219	https://www.reddit.com/r/test/comments/h8eqiy/a_n_g_e_r_b_o_r_k/	A N G E R B O R K
cr	h8eqhw	2020.06.13.16:07:58	FrequentEvent9	likeus	1361660	200	https://www.reddit.com/r/likeus/comments/h87r9z/snoring_hummingbird/	Snoring hummingbird	10599	0.98	57	test	7877	219	https://www.reddit.com/r/test/comments/h8eqhw/snoring_hummingbird/	Snoring hummingbird
cr	h8em1o	2020.06.13.16:01:46	FrequentEvent9	meme	1045430	2348	https://www.reddit.com/r/meme/comments/h88i8o/thats_not_fair_lol/	That's not fair... lol	10066	0.96	108	test	7877	219	https://www.reddit.com/r/test/comments/h8em1o/thats_not_fair_lol/	That's not fair... lol
cr	h8em0f	2020.06.13.16:01:43	FrequentEvent9	DoomerGvng	9090	137	https://www.reddit.com/r/DoomerGvng/comments/h8elzi/pasaportes/	Pasaportes	145	1.0	5	test	7877	219	https://www.reddit.com/r/test/comments/h8em0f/pasaportes/	Pasaportes
cr	h8elzw	2020.06.13.16:01:42	FrequentEvent9	EIDL	4368	353	https://www.reddit.com/r/EIDL/comments/h8elv0/got_in_touch_with_my_favorite_president_hes/	GOT IN TOUCH WITH MY FAVORITE PRESIDENT hes WORKING HARD GETTING SBA TO EXPEDITE YOUR CLAIMS .....	1	0.56	2	test	7877	219	https://www.reddit.com/r/test/comments/h8elzw/got_in_touch_with_my_favorite_president_hes/	GOT IN TOUCH WITH MY FAVORITE PRESIDENT hes WORKING HARD GETTING SBA TO EXPEDITE YOUR CLAIMS .....
cr	h8elzl	2020.06.13.16:01:41	FrequentEvent9	u_Other01Mongoose	0	110	https://www.reddit.com/r/u_Other01Mongoose/comments/h8elt4/download_link_yourmegafileinfofbi_s01e12_hdtv/	DOWNLOAD LINK: yourmegafile.info/FBI S01E12 HDTV x264 BGAUDiO-4PLAY ts	1	1.0	0	test	7877	219	https://www.reddit.com/r/test/comments/h8elzl/download_link_yourmegafileinfofbi_s01e12_hdtv/	DOWNLOAD LINK: yourmegafile.info/FBI S01E12 HDTV x264 BGAUDiO-4PLAY ts
cr	h8elyf	2020.06.13.16:01:38	FrequentEvent9	HomeNetworking	129229	791	https://www.reddit.com/r/HomeNetworking/comments/h8elq9/wifi_bridge_or_mesh_maybe/	WiFi bridge or mesh maybe ?	1	0.67	1	test	7877	219	https://www.reddit.com/r/test/comments/h8elyf/wifi_bridge_or_mesh_maybe/	WiFi bridge or mesh maybe ?
cr	h8ely1	2020.06.13.16:01:37	FrequentEvent9	marvelmemes	395125	420	https://www.reddit.com/r/marvelmemes/comments/h86srv/just_thought_of_this/	Just thought of this üòÇ	6917	0.94	55	test	7877	219	https://www.reddit.com/r/test/comments/h8ely1/just_thought_of_this/	Just thought of this üòÇ
cr	h8elxb	2020.06.13.16:01:36	FrequentEvent9	u_Waste77Body7	0	50	https://www.reddit.com/r/u_Waste77Body7/comments/h8eln7/download_link_megafileboxcomflight_international/	DOWNLOAD LINK: megafilebox.com/Flight International - 16 June 2020	1	1.0	1	test	7877	219	https://www.reddit.com/r/test/comments/h8elxb/download_link_megafileboxcomflight_international/	DOWNLOAD LINK: megafilebox.com/Flight International - 16 June 2020
cr	h8elws	2020.06.13.16:01:35	FrequentEvent9	u_Waste77Body7	0	50	https://www.reddit.com/r/u_Waste77Body7/comments/h8elt9/download_link_megafileboxcomflip_or_flop_s06e13/	DOWNLOAD LINK: megafilebox.com/Flip Or Flop S06E13 Hillside Horror WEB H264-EQUATION EZTV	1	1.0	1	test	7877	219	https://www.reddit.com/r/test/comments/h8elws/download_link_megafileboxcomflip_or_flop_s06e13/	DOWNLOAD LINK: megafilebox.com/Flip Or Flop S06E13 Hillside Horror WEB H264-EQUATION EZTV
cr	h8elwe	2020.06.13.16:01:34	FrequentEvent9	wholesomememes	7209239	7731	https://www.reddit.com/r/wholesomememes/comments/h8bmc2/not_oc_but_made_me_smile/	Not OC but made me smile	40382	0.95	247	test	7877	219	https://www.reddit.com/r/test/comments/h8elwe/not_oc_but_made_me_smile/	Not OC but made me smile
cr	h8ejoc	2020.06.13.15:58:30	FrequentEvent9	MurderedByWords	1854511	6417	https://www.reddit.com/r/MurderedByWords/comments/h87xhk/murder_on_that_doa/	Murder on that d.o.a	50507	0.92	389	test	7877	219	https://www.reddit.com/r/test/comments/h8ejoc/murder_on_that_doa/	Murder on that d.o.a
cr	h8ejnv	2020.06.13.15:58:29	FrequentEvent9	vexillology	360155	909	https://www.reddit.com/r/vexillology/comments/h8ejkr/a_redesign_for_the_flag_of_israel/	A redesign for the flag of Israel	8	0.65	5	test	7877	219	https://www.reddit.com/r/test/comments/h8ejnv/a_redesign_for_the_flag_of_israel/	A redesign for the flag of Israel
cr	h8ejne	2020.06.13.15:58:28	FrequentEvent9	modernwarfare	810384	6993	https://www.reddit.com/r/modernwarfare/comments/h85fmj/groundwarport_b_flag_my_team_blocked_a_hacker/	Groundwar(Port B Flag): my team blocked a Hacker with 136-5 for our friends in the other team	27395	0.95	699	test	7877	219	https://www.reddit.com/r/test/comments/h8ejne/groundwarport_b_flag_my_team_blocked_a_hacker/	Groundwar(Port B Flag): my team blocked a Hacker with 136-5 for our friends in the other team
cr	gz6t22	2020.06.08.16:05:11	FrequentEvent9	spacex	499711	940	https://www.reddit.com/r/spacex/comments/gz5e3e/elon_about_lunar_starship_forward_thrusters_are/	Elon about lunar Starship: ‚ÄúForward thrusters are to stabilize ship when landing in high winds. If goal is max payload to moon per ship, no heatshield or flaps or big gas thruster packs are needed. No need to bring early ships back. They can serve as part of moon base alpha.‚Äù	3787	0.98	477	test	7877	219	https://www.reddit.com/r/test/comments/gz6t22/elon_about_lunar_starship_forward_thrusters_are/	Elon about lunar Starship: ‚ÄúForward thrusters are to stabilize ship when landing in high winds. If goal is max payload to moon per ship, no heatshield or flaps or big gas thruster packs are needed. No need to bring early ships back. They can serve as part of moon base alpha.‚Äù
cr	gr4xaz	2020.05.26.16:26:42	FrequentEvent9	StarWars	1514489	8462	https://www.reddit.com/r/StarWars/comments/fwyl3r/minecraft_starwars_fans/	Minecraft starwars fans,	5	0.86	1	MinecraftStarWars	88	7	https://www.reddit.com/r/MinecraftStarWars/comments/gr4xaz/minecraft_starwars_fans/	Minecraft starwars fans,
cr	gz6um7	2020.06.08.16:07:06	Enough-Device	spacex	499712	940	https://www.reddit.com/r/spacex/comments/gyhg9p/elon_musk_tells_spacex_employees_that_its/	Elon Musk tells SpaceX employees that its Starship rocket is the top priority now [Michael Sheetz, CNBC]	10024	0.95	1106	test	7877	219	https://www.reddit.com/r/test/comments/gz6um7/elon_musk_tells_spacex_employees_that_its/	Elon Musk tells SpaceX employees that its Starship rocket is the top priority now [Michael Sheetz, CNBC]
cr	h8joms	2020.06.13.20:43:38	AccomplishedCrazy3	WRX	45183	454	https://www.reddit.com/r/WRX/comments/h8ebhw/new_to_this_sub_after_having_my_car_for_3_years_i/	New to this sub, after having my car for 3 years, I finally went thru with my first mod. Very happy with how it sounds.	58	0.96	15	test	7877	219	https://www.reddit.com/r/test/comments/h8joms/new_to_this_sub_after_having_my_car_for_3_years_i/	New to this sub, after having my car for 3 years, I finally went thru with my first mod. Very happy with how it sounds.
cr	h8joip	2020.06.13.20:43:25	AccomplishedCrazy3	WRX	45183	454	https://www.reddit.com/r/WRX/comments/h8b04o/just_traded_in_the_15_wrx_for_a_15_sti_woow/	Just traded in the 15 WRX for a 15 STi. Woow.	81	0.99	9	test	7877	219	https://www.reddit.com/r/test/comments/h8joip/just_traded_in_the_15_wrx_for_a_15_sti_woow/	Just traded in the 15 WRX for a 15 STi. Woow.
cr	h8joei	2020.06.13.20:43:14	AccomplishedCrazy3	WRX	45183	454	https://www.reddit.com/r/WRX/comments/h8h61w/finally_got_both_by_babies_out_for_some_fun/	Finally got both by babies out for some fun! Gravel roads, a Canoe, and an STi out on a sunny day.	258	1.0	9	test	7877	219	https://www.reddit.com/r/test/comments/h8joei/finally_got_both_by_babies_out_for_some_fun/	Finally got both by babies out for some fun! Gravel roads, a Canoe, and an STi out on a sunny day.
cr	h8jo9x	2020.06.13.20:43:03	AccomplishedCrazy3	WRX	45183	454	https://www.reddit.com/r/WRX/comments/h8dw47/new_to_me_i_drove_manual_for_8_years_but_this_is/	New to me! I drove manual for 8 years, but this is my first car with AC, Power windows, disc breaks....	432	0.99	45	test	7877	219	https://www.reddit.com/r/test/comments/h8jo9x/new_to_me_i_drove_manual_for_8_years_but_this_is/	New to me! I drove manual for 8 years, but this is my first car with AC, Power windows, disc breaks....
cr	h8jo5f	2020.06.13.20:42:51	AccomplishedCrazy3	india	349445	3576	https://www.reddit.com/r/india/comments/h87hzu/why_amit_shah_should_take_charge_of_the_defence/	Why Amit Shah Should Take Charge of the Defence Ministry As Well	97	0.9	12	test	7877	219	https://www.reddit.com/r/test/comments/h8jo5f/why_amit_shah_should_take_charge_of_the_defence/	Why Amit Shah Should Take Charge of the Defence Ministry As Well
cr	h8jo14	2020.06.13.20:42:38	AccomplishedCrazy3	india	349445	3576	https://www.reddit.com/r/india/comments/h81vnr/water_of_lonar_crater_lake_changes_color_to_pink/	Water of Lonar crater lake changes color to pink (via Sentinel-2 L1C)	314	0.99	20	test	7877	219	https://www.reddit.com/r/test/comments/h8jo14/water_of_lonar_crater_lake_changes_color_to_pink/	Water of Lonar crater lake changes color to pink (via Sentinel-2 L1C)
cr	h8jnwd	2020.06.13.20:42:24	AccomplishedCrazy3	india	349445	3576	https://www.reddit.com/r/india/comments/h80qy1/take_my_sun_glasses/	Take my Sun Glasses	485	0.9	26	test	7877	219	https://www.reddit.com/r/test/comments/h8jnwd/take_my_sun_glasses/	Take my Sun Glasses
cr	h8jnrs	2020.06.13.20:42:10	AccomplishedCrazy3	india	349445	3576	https://www.reddit.com/r/india/comments/h81rsj/indias_young_no_longer_charmed_by_modi_blame/	India's young no longer charmed by Modi. Blame economy and ideology | Centre for Policy Research, New Delhi	466	0.9	76	test	7877	226	https://www.reddit.com/r/test/comments/h8jnrs/indias_young_no_longer_charmed_by_modi_blame/	India's young no longer charmed by Modi. Blame economy and ideology | Centre for Policy Research, New Delhi
cr	h8jnma	2020.06.13.20:41:55	AccomplishedCrazy3	india	349445	3576	https://www.reddit.com/r/india/comments/h899p7/96_liquor_bottles_seized_from_actress_ramya/	96 liquor bottles seized from actress Ramya Krishnan's car, driver arrested	172	0.94	52	test	7877	226	https://www.reddit.com/r/test/comments/h8jnma/96_liquor_bottles_seized_from_actress_ramya/	96 liquor bottles seized from actress Ramya Krishnan's car, driver arrested
cr	h8jngj	2020.06.13.20:41:38	AccomplishedCrazy3	india	349445	3576	https://www.reddit.com/r/india/comments/h8bykd/delhi_riots_factfinding_report_accepted_by_amit/	Delhi riots ‚Äòfact-finding‚Äô report accepted by Amit Shah replete with false, unsubstantiated claims	236	0.92	11	test	7877	226	https://www.reddit.com/r/test/comments/h8jngj/delhi_riots_factfinding_report_accepted_by_amit/	Delhi riots ‚Äòfact-finding‚Äô report accepted by Amit Shah replete with false, unsubstantiated claims
cr	h8jnbn	2020.06.13.20:41:23	AccomplishedCrazy3	india	349445	3576	https://www.reddit.com/r/india/comments/h8aq65/modi_has_to_stop_treating_himself_like_a_celebrity/	Modi has to stop treating himself like a celebrity!	518	0.88	136	test	7877	226	https://www.reddit.com/r/test/comments/h8jnbn/modi_has_to_stop_treating_himself_like_a_celebrity/	Modi has to stop treating himself like a celebrity!
cr	h8jn0q	2020.06.13.20:40:55	AccomplishedCrazy3	india	349445	3578	https://www.reddit.com/r/india/comments/gmbriq/coronavirus_covid19_megathread_news_and_updates_5/	Coronavirus (COVID-19) Megathread - News and Updates - 5	316	0.98	7824	test	7877	226	https://www.reddit.com/r/test/comments/h8jn0q/coronavirus_covid19_megathread_news_and_updates_5/	Coronavirus (COVID-19) Megathread - News and Updates - 5
cr	h8jmuu	2020.06.13.20:40:38	AccomplishedCrazy3	cursedcomments	1775308	5206	https://www.reddit.com/r/cursedcomments/comments/h8g1o4/cursed_harrynutsack/	Cursed_HarryNutsack	32041	0.96	240	test	7877	226	https://www.reddit.com/r/test/comments/h8jmuu/cursed_harrynutsack/	Cursed_HarryNutsack
cr	gzv7lt	2020.06.09.16:19:24	AccomplishedCrazy3	cpp	141037	2045	https://www.reddit.com/r/cpp/comments/gzmmd3/iso_c_and_sycl_join_for_the_future_of/	ISO C++ and SYCL Join for the Future of Heterogeneous Programming	75	0.94	23	u_AccomplishedCrazy3	0	6	https://www.reddit.com/r/u_AccomplishedCrazy3/comments/gzv7lt/iso_c_and_sycl_join_for_the_future_of/	ISO C++ and SYCL Join for the Future of Heterogeneous Programming
cr	gznz9n	2020.06.09.10:15:51	AccomplishedCrazy3	test	7877	226	https://www.reddit.com/r/test/comments/gzn2u1/ok/	Ok	6	1.0	2	test	7877	226	https://www.reddit.com/r/test/comments/gznz9n/ok/	Ok
cr	gz6wcm	2020.06.08.16:09:14	AccomplishedCrazy3	nextfuckinglevel	2433286	20211	https://www.reddit.com/r/nextfuckinglevel/comments/gwot7v/this_man_donated_his_sons_heart_after_losing_him/	This man donated his son's heart after losing him in a car wreck last year... this month the recipient sent him this gift	101171	0.92	1905	test	7877	226	https://www.reddit.com/r/test/comments/gz6wcm/this_man_donated_his_sons_heart_after_losing_him/	This man donated his son's heart after losing him in a car wreck last year... this month the recipient sent him this gift
